City_ID,City,Country,Date,Lat,Lng,Max Temp,Humidity,Cloudiness,Wind Speed
0,Quatre Cocos,MU,2020-02-17 01:22:12,-20.21,57.76,75.2,83,75,4.7
1,Kaltasy,RU,2020-02-17 01:22:12,55.97,54.8,8.13,95,98,7.56
2,Bluff,NZ,2020-02-17 01:22:12,-46.6,168.33,68.0,77,51,11.01
3,Fortuna,US,2020-02-17 01:22:12,40.6,-124.16,53.01,100,90,9.17
4,Barrow,US,2020-02-17 01:22:12,71.29,-156.79,-41.8,82,1,9.17
5,Bandarbeyla,SO,2020-02-17 01:22:13,9.49,50.81,75.45,77,56,14.67
6,Jamestown,US,2020-02-17 01:22:13,42.1,-79.24,32.0,100,1,4.7
7,Marquette,US,2020-02-17 01:21:43,46.53,-87.63,9.0,71,5,4.7
8,Qarchi Gak,AF,2020-02-17 01:22:13,37.04,66.79,37.4,51,90,4.7
9,Airai,TL,2020-02-17 01:17:46,-8.93,125.41,76.41,76,36,1.23
10,Provideniya,RU,2020-02-17 01:22:14,64.38,-173.3,3.2,84,90,26.84
11,Vaini,TO,2020-02-17 01:22:14,-21.2,-175.2,82.4,78,40,17.22
12,Avera,US,2020-02-17 01:22:14,33.19,-82.53,48.2,97,90,5.82
13,Puerto Ayora,EC,2020-02-17 01:22:14,-0.74,-90.35,82.4,74,40,13.87
14,Khatanga,RU,2020-02-17 01:22:15,71.97,102.5,2.52,95,93,11.03
15,Kaitangata,NZ,2020-02-17 01:22:15,-46.28,169.85,58.42,87,0,10.51
16,Bivolari,RO,2020-02-17 01:22:15,47.53,27.43,39.0,86,11,9.17
17,Xinyang,CN,2020-02-17 01:22:15,32.12,114.07,36.79,46,0,2.51
18,Cape Town,ZA,2020-02-17 01:22:16,-33.93,18.42,66.99,88,75,10.29
19,Busselton,AU,2020-02-17 01:19:27,-33.65,115.33,72.0,34,0,12.95
20,Athabasca,CA,2020-02-17 01:22:16,54.72,-113.29,5.67,91,100,6.73
21,Klaksvik,FO,2020-02-17 01:22:16,62.23,-6.59,39.2,86,67,5.82
22,Rikitea,PF,2020-02-17 01:22:16,-23.12,-134.97,79.84,76,100,20.15
23,Hithadhoo,MV,2020-02-17 01:22:17,-0.6,73.08,83.68,73,5,7.43
24,Hobart,AU,2020-02-17 01:22:17,-42.88,147.33,66.0,39,20,5.82
25,Pimentel,PE,2020-02-17 01:22:17,-6.84,-79.93,66.2,29,89,18.34
26,Mar Del Plata,AR,2020-02-17 01:18:29,-38.0,-57.56,71.01,83,40,9.17
27,Hirara,JP,2020-02-17 01:22:17,24.8,125.28,57.2,67,75,13.87
28,Gat,IL,2020-02-17 01:22:18,31.61,34.76,55.4,87,40,4.7
29,Hami,CN,2020-02-17 01:22:18,42.8,93.45,16.47,52,94,2.95
30,Grand Gaube,MU,2020-02-17 01:22:18,-20.01,57.66,75.2,83,75,4.7
31,Yellowknife,CA,2020-02-17 01:22:18,62.46,-114.35,-24.0,74,20,8.05
32,Norman Wells,CA,2020-02-17 01:22:19,65.28,-126.83,-32.8,66,5,0.87
33,Lagoa,PT,2020-02-17 01:22:20,39.05,-27.98,56.14,60,100,12.39
34,Haines Junction,CA,2020-02-17 01:22:20,60.75,-137.51,-6.61,93,97,3.78
35,Albany,US,2020-02-17 01:22:20,42.6,-73.97,36.0,55,90,5.82
36,Sena Madureira,BR,2020-02-17 01:22:20,-9.07,-68.66,76.37,81,47,2.93
37,Mahebourg,MU,2020-02-17 01:22:20,-20.41,57.7,75.2,83,75,4.7
38,Urucurituba,BR,2020-02-17 01:22:21,-2.68,-57.67,76.64,95,31,1.74
39,Ribeira Grande,PT,2020-02-17 01:22:21,38.52,-28.7,52.12,67,100,9.19
40,Filadelfia,US,2020-02-17 01:20:02,39.95,-75.16,42.8,56,90,4.07
41,Abnub,EG,2020-02-17 01:22:21,27.27,31.15,53.6,62,0,9.17
42,Punta Arenas,CL,2020-02-17 01:21:27,-53.15,-70.92,44.6,75,40,23.04
43,Bonao,DO,2020-02-17 01:22:22,18.94,-70.41,75.2,88,40,8.05
44,Atuona,PF,2020-02-17 01:22:22,-9.8,-139.03,80.46,78,16,17.96
45,Bredasdorp,ZA,2020-02-17 01:22:22,-34.53,20.04,68.0,68,2,1.12
46,Castro,BR,2020-02-17 01:21:58,-24.79,-50.01,69.12,78,100,3.06
47,Eloy,US,2020-02-17 01:22:23,32.76,-111.55,72.0,22,1,3.36
48,Ushuaia,AR,2020-02-17 01:18:37,-54.8,-68.3,46.4,81,40,17.22
49,Maraa,BR,2020-02-17 01:22:23,-1.83,-65.37,77.95,82,15,1.77
50,Kruisfontein,ZA,2020-02-17 01:22:23,-34.0,24.73,67.77,84,100,11.72
51,Benguela,AO,2020-02-17 01:22:24,-12.58,13.41,73.38,92,100,1.03
52,Dunedin,NZ,2020-02-17 01:17:26,-45.87,170.5,59.9,84,54,11.21
53,Vardo,NO,2020-02-17 01:22:24,70.37,31.11,30.2,100,90,19.46
54,Moindou,NC,2020-02-17 01:22:25,-21.69,165.68,89.6,52,40,14.99
55,Bikin,RU,2020-02-17 01:22:25,46.82,134.26,3.11,91,100,4.32
56,Tucurui,BR,2020-02-17 01:22:25,-3.77,-49.67,75.76,92,96,3.18
57,Wanning,CN,2020-02-17 01:22:25,18.8,110.4,59.67,78,95,12.88
58,Cherskiy,RU,2020-02-17 01:22:26,68.75,161.3,-25.24,94,95,8.05
59,Samoylovka,RU,2020-02-17 01:22:26,51.18,43.71,21.96,90,29,11.59
60,Ranong,TH,2020-02-17 01:22:26,9.97,98.63,78.8,94,20,3.71
61,Chapais,CA,2020-02-17 01:22:26,49.78,-74.85,-7.6,69,1,2.24
62,Ilulissat,GL,2020-02-17 01:22:26,69.22,-51.1,10.4,72,100,8.05
63,Tuktoyaktuk,CA,2020-02-17 01:22:27,69.45,-133.04,-27.4,74,5,16.11
64,Sorland,NO,2020-02-17 01:22:27,67.67,12.69,40.87,82,59,20.36
65,Pevek,RU,2020-02-17 01:22:27,69.7,170.31,-25.17,99,100,7.76
66,Emba,KZ,2020-02-17 01:22:27,48.83,58.14,5.54,98,87,5.88
67,Alyangula,AU,2020-02-17 01:22:28,-13.85,136.42,89.6,59,81,5.82
68,Saskylakh,RU,2020-02-17 01:22:28,71.92,114.08,0.25,95,89,11.65
69,Talnakh,RU,2020-02-17 01:22:28,69.49,88.4,12.2,92,40,17.9
70,Axim,GH,2020-02-17 01:22:28,4.87,-2.24,78.8,87,69,3.56
71,Bengkulu,ID,2020-02-17 01:22:29,-3.8,102.27,73.69,85,100,2.77
72,East London,ZA,2020-02-17 01:22:29,-33.02,27.91,76.42,78,69,18.19
73,Kapaa,US,2020-02-17 01:22:29,22.08,-159.32,78.8,69,90,18.34
74,Tiznit,MA,2020-02-17 01:22:29,29.58,-9.5,61.34,34,0,0.56
75,Carnarvon,AU,2020-02-17 01:22:30,-24.87,113.63,78.8,50,0,18.34
76,Meulaboh,ID,2020-02-17 01:22:30,4.14,96.13,80.44,81,18,6.64
77,Lebu,CL,2020-02-17 01:22:30,-37.62,-73.65,57.87,76,0,3.56
78,Mizdah,LY,2020-02-17 01:22:30,31.45,12.98,47.3,78,0,4.43
79,Planadas,CO,2020-02-17 01:22:30,3.2,-75.65,89.6,40,20,3.36
80,Tignere,CM,2020-02-17 01:22:31,7.37,12.65,69.12,17,10,3.62
81,Barre,US,2020-02-17 01:22:31,44.2,-72.5,34.0,68,90,10.29
82,Otelu Rosu,RO,2020-02-17 01:22:31,45.53,22.37,36.61,58,0,2.55
83,Andenes,NO,2020-02-17 01:22:31,69.31,16.12,34.0,85,100,10.29
84,Monchegorsk,RU,2020-02-17 01:22:32,67.94,32.87,30.69,97,100,11.63
85,Mataura,NZ,2020-02-17 01:22:32,-46.19,168.86,68.0,77,34,11.01
86,Hermanus,ZA,2020-02-17 01:22:32,-34.42,19.23,68.0,79,7,1.01
87,Rocha,UY,2020-02-17 01:22:32,-34.48,-54.33,78.67,67,0,10.85
88,Bulawayo,ZW,2020-02-17 01:22:33,-20.15,28.58,65.75,94,85,8.86
89,Port Elizabeth,ZA,2020-02-17 01:22:33,-33.92,25.57,69.8,88,75,14.99
90,Hirna,ET,2020-02-17 01:22:33,9.22,41.1,62.96,61,20,1.36
91,Hambantota,LK,2020-02-17 01:22:33,6.12,81.12,73.4,100,20,12.75
92,Port Lincoln,AU,2020-02-17 01:22:33,-34.73,135.87,71.64,59,0,7.47
93,Charters Towers,AU,2020-02-17 01:22:34,-20.1,146.27,87.46,55,41,7.52
94,Plastun,RU,2020-02-17 01:22:34,44.76,136.29,15.15,89,100,23.44
95,Saquarema,BR,2020-02-17 01:22:34,-22.92,-42.51,75.2,94,75,6.93
96,Hamilton,US,2020-02-17 01:20:11,39.18,-84.53,42.01,80,1,4.7
97,Merced,US,2020-02-17 01:21:35,37.17,-120.75,64.99,36,1,9.17
98,Aksu,CN,2020-02-17 01:22:35,41.12,80.26,24.76,77,0,1.81
99,Lesozavodsk,RU,2020-02-17 01:22:35,45.48,133.42,6.35,95,100,13.15
100,Port Alfred,ZA,2020-02-17 01:22:35,-33.59,26.89,70.0,97,100,3.0
101,Launceston,AU,2020-02-17 01:22:35,-41.45,147.17,69.01,34,0,5.82
102,New Norfolk,AU,2020-02-17 01:22:36,-42.78,147.06,66.0,39,20,5.82
103,Mersing,MY,2020-02-17 01:22:36,2.43,103.84,80.58,72,63,11.3
104,Ovre Ardal,NO,2020-02-17 01:22:36,61.32,7.8,12.94,88,59,8.41
105,Riyadh,SA,2020-02-17 01:17:53,24.69,46.72,64.4,17,54,10.29
106,Fairbanks,US,2020-02-17 01:19:17,64.84,-147.72,-4.0,69,90,0.36
107,Isla Vista,US,2020-02-17 01:21:44,34.41,-119.86,64.99,82,1,9.17
108,Faanui,PF,2020-02-17 01:22:37,-16.48,-151.75,82.72,76,100,15.84
109,Abu Samrah,SY,2020-02-17 01:22:37,35.3,37.18,44.01,94,97,6.71
110,Saint-Philippe,RE,2020-02-17 01:22:37,-21.36,55.77,77.0,68,72,5.82
111,Rio Verde De Mato Grosso,BR,2020-02-17 01:22:38,-18.92,-54.84,78.12,86,100,5.48
112,Arraial Do Cabo,BR,2020-02-17 01:22:38,-22.97,-42.03,78.22,87,21,22.62
113,Dera Ghazi Khan,PK,2020-02-17 01:22:38,30.06,70.63,54.27,24,0,3.24
114,Quang Ngai,VN,2020-02-17 01:22:39,15.12,108.8,72.66,88,100,18.1
115,Torbay,CA,2020-02-17 01:22:39,47.67,-52.73,33.01,80,90,24.16
116,Seydi,TM,2020-02-17 01:22:39,39.48,62.91,37.6,62,85,9.19
117,Maracacume,BR,2020-02-17 01:22:39,-2.04,-45.96,74.3,98,100,2.75
118,Katsuura,JP,2020-02-17 01:22:39,35.13,140.3,62.01,82,75,9.17
119,Flin Flon,CA,2020-02-17 01:22:40,54.77,-101.86,-2.2,77,75,2.24
120,Kerema,PG,2020-02-17 01:22:40,-7.96,145.78,87.4,58,83,6.08
121,Yarada,IN,2020-02-17 01:22:41,17.65,83.27,68.0,100,0,2.24
122,Grobina,LV,2020-02-17 01:22:41,56.54,21.17,50.0,66,100,25.28
123,Thompson,CA,2020-02-17 01:22:41,55.74,-97.86,-9.4,76,90,3.36
124,Sulangan,PH,2020-02-17 01:22:41,11.14,123.72,80.13,79,32,18.57
125,La Massana,AD,2020-02-17 01:22:41,42.57,1.48,48.99,64,46,1.99
126,Dikson,RU,2020-02-17 01:22:42,73.51,80.55,13.53,93,99,18.01
127,Zhezkazgan,KZ,2020-02-17 01:22:42,47.8,67.71,19.4,100,90,8.95
128,Antofagasta,CL,2020-02-17 01:19:57,-23.65,-70.4,72.0,83,75,10.29
129,Halifax,CA,2020-02-17 01:19:22,44.65,-63.57,35.01,88,90,5.82
130,Acari,PE,2020-02-17 01:22:42,-15.43,-74.62,67.48,83,77,4.07
131,Taltal,CL,2020-02-17 01:22:43,-25.4,-70.48,63.37,89,97,4.7
132,Paita,PE,2020-02-17 01:22:43,-5.09,-81.11,62.6,100,100,11.41
133,Bambous Virieux,MU,2020-02-17 01:22:43,-20.34,57.76,75.2,83,75,4.7
134,Aguilas,ES,2020-02-17 01:22:43,37.41,-1.58,53.01,70,0,1.16
135,Marsassoum,SN,2020-02-17 01:22:44,12.83,-15.98,77.0,69,100,4.7
136,Baia Mare,RO,2020-02-17 01:22:44,47.65,23.58,37.0,74,66,5.82
137,Tiksi,RU,2020-02-17 01:22:44,71.69,128.87,-3.46,93,100,5.7
138,Chuy,UY,2020-02-17 01:22:44,-33.7,-53.46,78.91,69,1,10.96
139,Saint-Malo,FR,2020-02-17 01:22:44,48.5,-1.83,46.99,93,75,11.41
140,Ponta Do Sol,PT,2020-02-17 01:22:45,32.67,-17.1,62.6,77,20,6.93
141,Sitka,US,2020-02-17 01:22:45,57.05,-135.33,37.4,72,75,3.36
142,Belem,BR,2020-02-17 01:22:45,-1.46,-48.5,77.0,94,40,3.36
143,Ahipara,NZ,2020-02-17 01:22:45,-35.17,173.17,82.99,80,39,1.99
144,Egvekinot,RU,2020-02-17 01:22:45,66.32,-179.17,-16.31,90,100,14.94
145,Chokurdakh,RU,2020-02-17 01:22:46,70.63,147.92,-4.63,97,100,10.18
146,Anahuac,MX,2020-02-17 01:22:46,27.23,-100.15,77.0,53,75,5.82
147,Trairi,BR,2020-02-17 01:19:54,-3.28,-39.27,74.82,94,99,1.01
148,Praia Da Vitoria,PT,2020-02-17 01:22:46,38.73,-27.07,53.6,71,40,10.33
149,Lavrentiya,RU,2020-02-17 01:22:46,65.58,-171.0,-1.59,90,100,13.82
150,Barentu,ER,2020-02-17 01:22:47,15.11,37.59,65.25,29,67,3.36
151,Cabo San Lucas,MX,2020-02-17 01:19:27,22.89,-109.91,73.4,49,90,3.36
152,Maniitsoq,GL,2020-02-17 01:22:47,65.42,-52.9,11.1,72,95,12.19
153,Sungairaya,ID,2020-02-17 01:22:47,0.7,108.9,75.18,96,83,2.17
154,Los Llanos De Aridane,ES,2020-02-17 01:22:48,28.66,-17.92,66.99,72,0,10.29
155,Saint George,US,2020-02-17 01:20:36,37.1,-113.58,63.0,25,1,8.05
156,Nikolskoye,RU,2020-02-17 01:22:48,59.7,30.79,41.0,86,90,8.95
157,Lena,ES,2020-02-17 01:22:48,43.1,-5.73,54.0,100,90,8.05
158,San Quintin,MX,2020-02-17 01:22:48,30.48,-115.95,61.75,66,85,12.17
159,Tadine,NC,2020-02-17 01:22:49,-21.55,167.88,81.41,76,24,14.58
160,Baruun-Urt,MN,2020-02-17 01:22:49,46.68,113.28,6.15,80,0,8.48
161,Ucluelet,CA,2020-02-17 01:19:14,48.93,-125.55,44.01,80,40,17.22
162,Akcakoca,TR,2020-02-17 01:22:49,41.09,31.12,35.64,90,0,0.98
163,Puerto Escondido,MX,2020-02-17 01:21:15,15.85,-97.07,82.4,83,75,4.7
164,Karratha,AU,2020-02-17 01:22:50,-20.74,116.85,82.44,81,0,10.18
165,Auki,SB,2020-02-17 01:22:50,-8.77,160.7,82.17,82,100,24.94
166,La Palma,US,2020-02-17 01:22:50,33.85,-118.05,68.0,37,20,5.82
167,Souillac,MU,2020-02-17 01:22:50,-20.52,57.52,75.2,83,75,4.7
168,Labuhan,ID,2020-02-17 01:22:51,-6.88,112.21,76.48,86,100,3.29
169,Mundo Nuevo,MX,2020-02-17 01:22:51,18.7,-95.5,75.13,86,2,9.26
170,Svobodnyy,RU,2020-02-17 01:22:51,51.4,128.13,-3.06,91,0,7.72
171,Atikokan,CA,2020-02-17 01:22:51,48.76,-91.62,0.28,92,62,3.67
172,Jhansi,IN,2020-02-17 01:22:52,25.43,78.58,56.12,31,0,2.82
173,Barahona,DO,2020-02-17 01:22:52,18.21,-71.1,80.02,75,0,13.18
174,Vila Velha,BR,2020-02-17 01:22:52,-20.33,-40.29,82.99,83,40,5.82
175,Harlingen,US,2020-02-17 01:22:52,26.19,-97.7,80.6,83,90,9.17
176,Angoche,MZ,2020-02-17 01:22:52,-16.23,39.91,75.74,95,13,4.74
177,Mana,GF,2020-02-17 01:22:53,5.66,-53.78,73.62,94,60,2.95
178,Mathbaria,BD,2020-02-17 01:22:53,22.29,89.96,62.71,55,0,3.71
179,Tasiilaq,GL,2020-02-17 01:22:53,65.61,-37.64,28.4,92,100,2.24
180,Bethel,US,2020-02-17 01:22:53,41.37,-73.41,39.2,69,90,3.87
181,Hualmay,PE,2020-02-17 01:22:53,-11.1,-77.61,73.15,76,77,6.71
182,Nanortalik,GL,2020-02-17 01:22:54,60.14,-45.24,23.41,69,78,19.51
183,Jardim,BR,2020-02-17 01:19:52,-21.48,-56.14,79.81,83,88,4.99
184,Raiganj,IN,2020-02-17 01:22:54,25.62,88.12,60.78,75,0,6.49
185,Millau,FR,2020-02-17 01:22:54,44.08,2.92,50.0,81,100,18.34
186,Saint-Pierre,RE,2020-02-17 01:22:54,-21.34,55.48,77.0,68,53,5.82
187,Butaritari,KI,2020-02-17 01:22:55,3.07,172.79,83.26,76,89,17.47
188,Punakha,BT,2020-02-17 01:22:55,27.58,89.86,36.61,86,62,2.89
189,Uyuni,BO,2020-02-17 01:21:27,-20.46,-66.83,57.61,52,72,27.31
190,Sattahip,TH,2020-02-17 01:22:55,12.67,100.9,87.01,83,20,3.36
191,Beatrice,US,2020-02-17 01:22:56,40.27,-96.75,48.99,66,90,6.93
192,Esperance,AU,2020-02-17 01:22:56,-33.87,121.9,68.0,56,90,13.87
193,Camacupa,AO,2020-02-17 01:22:56,-12.02,17.48,60.28,92,54,1.99
194,Ubinskoye,RU,2020-02-17 01:22:57,55.31,79.68,20.05,94,100,10.22
195,Hilo,US,2020-02-17 01:19:33,19.73,-155.09,80.6,54,20,10.98
196,Nicoya,CR,2020-02-17 01:22:57,10.15,-85.45,82.4,58,8,26.4
197,Kahului,US,2020-02-17 01:19:49,20.89,-156.47,78.8,61,40,26.4
198,Dourbali,TD,2020-02-17 01:22:58,11.81,15.86,72.95,15,62,14.16
199,Batticaloa,LK,2020-02-17 01:22:58,7.71,81.69,74.95,81,73,0.47
200,Ponta Delgada,PT,2020-02-17 01:22:58,37.73,-25.67,53.6,71,20,8.05
201,Kamenka,RU,2020-02-17 01:22:58,51.32,42.77,30.0,84,53,11.43
202,Flinders,AU,2020-02-17 01:22:58,-34.58,150.86,77.0,94,75,6.93
203,Chimoio,MZ,2020-02-17 01:22:59,-19.12,33.48,71.6,100,1,2.86
204,Marawi,PH,2020-02-17 01:22:59,8.0,124.29,78.01,85,33,3.0
205,Sao Jose Do Belmonte,BR,2020-02-17 01:22:59,-7.86,-38.76,79.02,54,55,4.45
206,Saldanha,ZA,2020-02-17 01:22:59,-33.01,17.94,64.4,93,11,8.05
207,Upernavik,GL,2020-02-17 01:18:04,72.79,-56.15,-0.44,92,99,8.59
208,Adrar,MR,2020-02-17 01:23:00,20.5,-10.07,73.2,15,100,11.01
209,Fort Nelson,CA,2020-02-17 01:23:00,58.81,-122.7,-11.2,69,90,4.7
210,Port Hueneme,US,2020-02-17 01:23:00,34.15,-119.2,66.99,72,1,6.93
211,Qaanaaq,GL,2020-02-17 01:23:00,77.48,-69.36,0.43,48,66,8.99
212,Celestun,MX,2020-02-17 01:23:01,20.87,-90.4,77.0,84,1,20.47
213,Sfantu Gheorghe,RO,2020-02-17 01:23:01,45.87,25.78,27.0,91,0,0.78
214,Nome,US,2020-02-17 01:20:19,64.5,-165.41,10.4,78,90,16.11
215,Pisco,PE,2020-02-17 01:23:01,-13.7,-76.22,73.4,88,91,18.34
216,Plouzane,FR,2020-02-17 01:23:01,48.38,-4.62,48.2,75,75,17.22
217,Kartaly,RU,2020-02-17 01:23:02,53.05,60.65,11.79,95,92,8.77
218,Mackay,AU,2020-02-17 01:23:02,-21.15,149.2,87.8,70,40,13.87
219,Ancud,CL,2020-02-17 01:23:02,-41.87,-73.82,51.8,93,20,1.12
220,Asau,RO,2020-02-17 01:23:02,46.43,26.4,33.01,60,0,17.22
221,Zhigansk,RU,2020-02-17 01:23:03,66.77,123.37,-11.43,95,100,13.22
222,Georgetown,MY,2020-02-17 01:18:36,5.41,100.34,80.6,83,20,3.36
223,Csengele,HU,2020-02-17 01:23:03,46.54,19.86,37.99,93,96,6.93
224,Banda Aceh,ID,2020-02-17 01:23:03,5.56,95.32,72.5,94,37,3.94
225,Namibe,AO,2020-02-17 01:23:03,-15.2,12.15,74.66,81,94,7.18
226,Trinidad,BO,2020-02-17 01:23:04,-14.83,-64.9,79.36,87,20,3.69
227,Bathurst,AU,2020-02-17 01:22:56,-33.42,149.58,69.01,81,60,1.01
228,Phalaborwa,ZA,2020-02-17 01:23:04,-23.94,31.14,70.47,81,0,3.83
229,Ostrovnoy,RU,2020-02-17 01:23:04,68.05,39.51,31.42,88,100,30.02
230,Taoudenni,ML,2020-02-17 01:23:05,22.68,-3.98,71.56,15,61,10.16
231,Vilhena,BR,2020-02-17 01:23:05,-12.74,-60.15,72.43,93,69,0.92
232,Dicabisagan,PH,2020-02-17 01:23:05,17.08,122.42,75.87,79,11,9.04
233,Arcata,US,2020-02-17 01:19:00,40.87,-124.08,53.01,81,1,8.05
234,Severo-Kurilsk,RU,2020-02-17 01:23:06,50.68,156.12,21.9,87,73,10.11
235,Tautira,PF,2020-02-17 01:23:06,-17.73,-149.15,89.6,59,75,5.82
236,Itarema,BR,2020-02-17 01:23:06,-2.92,-39.92,75.97,91,100,3.65
237,Palana,RU,2020-02-17 01:23:06,59.12,159.97,-3.64,84,0,1.36
238,Lat Yao,TH,2020-02-17 01:23:07,15.75,99.79,66.15,81,0,5.21
239,Cidreira,BR,2020-02-17 01:23:07,-30.18,-50.21,77.04,86,17,17.96
240,Puerto Leguizamo,CO,2020-02-17 01:23:07,-0.19,-74.78,79.54,67,42,2.51
241,Port Hedland,AU,2020-02-17 01:23:07,-20.32,118.57,87.8,74,0,11.41
242,Nouadhibou,MR,2020-02-17 01:23:07,20.93,-17.03,71.6,60,100,10.29
243,Cururupu,BR,2020-02-17 01:23:08,-1.83,-44.87,74.16,99,100,2.48
244,Port Hardy,CA,2020-02-17 01:23:08,50.7,-127.42,37.4,93,75,9.17
245,Nioro,GM,2020-02-17 01:23:08,13.35,-15.75,77.77,22,100,6.04
246,Scarborough,GB,2020-02-17 01:23:08,54.28,-0.4,44.6,75,31,25.28
247,Iqaluit,CA,2020-02-17 01:20:30,63.75,-68.51,-22.0,67,40,2.89
248,Morondava,MG,2020-02-17 01:23:09,-20.28,44.28,74.26,84,99,4.79
249,Panama City,PA,2020-02-17 01:19:45,8.99,-79.52,82.0,78,20,10.29
250,Nemuro,JP,2020-02-17 01:23:09,43.32,145.57,24.8,85,75,11.41
251,Tiarei,PF,2020-02-17 01:23:09,-17.53,-149.33,89.6,59,75,5.82
252,Birao,CF,2020-02-17 01:23:10,10.28,22.79,76.64,18,81,8.48
253,Dingle,PH,2020-02-17 01:23:10,11.0,122.67,77.5,79,2,11.88
254,Obihiro,JP,2020-02-17 01:23:10,42.92,143.2,23.0,79,75,5.82
255,Roald,NO,2020-02-17 01:23:10,62.58,6.13,45.0,75,74,16.11
256,Avarua,CK,2020-02-17 01:23:10,-21.21,-159.78,80.6,83,100,4.7
257,Awbari,LY,2020-02-17 01:23:11,26.59,12.78,52.36,41,0,6.85
258,Sibolga,ID,2020-02-17 01:23:11,1.74,98.78,70.47,91,88,2.77
259,Vostok,RU,2020-02-17 01:23:11,46.49,135.88,9.5,93,100,8.28
260,Yar-Sale,RU,2020-02-17 01:23:11,66.83,70.83,11.39,95,100,10.67
261,Andilamena,MG,2020-02-17 01:23:11,-17.02,48.58,67.35,96,100,5.55
262,Kutum,SD,2020-02-17 01:23:12,14.2,24.67,57.18,28,100,4.83
263,Puksoozero,RU,2020-02-17 01:23:12,62.59,40.61,32.65,97,100,16.53
264,Baryatino,RU,2020-02-17 01:23:12,54.31,34.52,34.47,79,100,17.43
265,Viedma,AR,2020-02-17 01:23:12,-40.81,-63.0,66.0,44,0,16.28
266,Soderhamn,SE,2020-02-17 01:23:12,61.3,17.06,41.0,77,43,3.0
267,The Valley,AI,2020-02-17 01:23:13,18.22,-63.06,78.8,74,20,10.29
268,Deulgaon Raja,IN,2020-02-17 01:23:13,20.02,76.03,64.4,63,0,5.97
269,Ayorou,NE,2020-02-17 01:23:13,14.73,0.92,72.9,11,0,8.9
270,Kodiak,US,2020-02-17 01:23:13,57.79,-152.41,33.8,86,90,9.62
271,Eidfjord,NO,2020-02-17 01:22:05,60.47,7.07,21.0,95,91,7.92
272,Kenai,US,2020-02-17 01:23:14,60.55,-151.26,16.0,66,1,9.17
273,Bosaso,SO,2020-02-17 01:23:14,11.28,49.18,75.63,74,0,18.72
274,Goure,NE,2020-02-17 01:23:14,13.98,10.27,72.0,18,77,10.0
275,San Patricio,MX,2020-02-17 01:23:14,19.22,-104.7,80.6,74,20,9.17
276,Alice Springs,AU,2020-02-17 01:23:15,-23.7,133.88,93.2,14,48,9.17
277,Birjand,IR,2020-02-17 01:23:15,32.87,59.22,44.6,22,1,4.7
278,Huarmey,PE,2020-02-17 01:23:15,-10.07,-78.15,73.27,73,78,4.21
279,Leh,IN,2020-02-17 01:23:15,34.17,77.58,-4.36,63,1,5.88
280,Mombetsu,JP,2020-02-17 01:23:16,44.35,143.35,21.2,92,75,6.93
281,Victoria,HK,2020-02-17 01:23:16,22.29,114.16,57.0,37,5,9.17
282,Cotonou,BJ,2020-02-17 01:23:16,6.37,2.42,82.4,88,40,9.17
283,Pietarsaari,FI,2020-02-17 01:23:16,63.67,22.7,39.99,80,90,20.8
284,Aleksandrovskoye,RU,2020-02-17 01:23:16,44.71,43.0,32.0,91,90,13.42
285,Beringovskiy,RU,2020-02-17 01:23:17,63.05,179.32,-3.53,92,100,24.45
286,Kavieng,PG,2020-02-17 01:23:17,-2.57,150.8,83.3,74,96,8.63
287,Laguna,US,2020-02-17 01:19:16,38.42,-121.42,66.0,45,1,5.82
288,Santander,ES,2020-02-17 01:23:17,43.46,-3.8,55.99,93,90,3.36
289,Shieli,KZ,2020-02-17 01:23:18,44.17,66.75,31.1,72,95,6.24
290,Port Blair,IN,2020-02-17 01:23:18,11.67,92.75,78.6,59,0,10.25
291,Guerrero Negro,MX,2020-02-17 01:20:40,27.98,-114.06,68.5,45,100,10.27
292,Stalowa Wola,PL,2020-02-17 01:23:18,50.58,22.05,46.4,52,100,20.8
293,The Pas,CA,2020-02-17 01:23:18,53.83,-101.25,-0.4,84,90,4.7
294,Tessalit,ML,2020-02-17 01:23:19,20.2,1.01,67.75,13,62,11.61
295,Sarakhs,IR,2020-02-17 01:23:19,36.54,61.16,37.4,86,58,2.24
296,Chute-Aux-Outardes,CA,2020-02-17 01:23:19,49.12,-68.4,28.4,86,90,13.87
297,Gazanjyk,TM,2020-02-17 01:23:19,39.24,55.52,37.51,58,100,7.05
298,Korla,CN,2020-02-17 01:23:20,41.76,86.15,28.0,88,100,0.56
299,Lorengau,PG,2020-02-17 01:23:20,-2.02,147.27,83.75,76,30,9.84
300,Mayo,US,2020-02-17 01:23:20,38.89,-76.51,45.0,80,40,6.93
301,Weligama,LK,2020-02-17 01:23:20,5.97,80.42,71.78,89,0,6.38
302,Codrington,AU,2020-02-17 01:23:20,-38.27,141.97,61.81,84,1,9.71
303,Jacobina,BR,2020-02-17 01:23:21,-11.18,-40.52,70.61,82,79,4.05
304,Vagur,FO,2020-02-17 01:23:21,61.47,-6.81,44.85,83,76,11.21
305,Gioia Tauro,IT,2020-02-17 01:23:21,38.42,15.9,54.0,87,5,3.36
306,Henties Bay,NA,2020-02-17 01:23:21,-22.12,14.28,64.0,95,66,3.56
307,Puerto Suarez,BO,2020-02-17 01:23:22,-18.95,-57.8,85.14,66,17,4.07
308,Faya,SA,2020-02-17 01:23:22,18.39,42.45,60.8,41,46,13.87
309,Ketchikan,US,2020-02-17 01:23:22,55.34,-131.65,41.0,100,75,5.82
310,Sur,OM,2020-02-17 01:23:22,22.57,59.53,66.63,55,0,9.46
311,Emirdag,TR,2020-02-17 01:23:22,39.02,31.15,27.64,96,79,3.36
312,Kedrovyy,RU,2020-02-17 01:23:23,56.17,91.82,-2.2,84,75,3.31
313,Goundam,ML,2020-02-17 01:23:23,16.41,-3.67,75.27,8,87,9.33
314,Xining,CN,2020-02-17 01:23:23,36.62,101.77,11.17,43,0,3.22
315,Aden,YE,2020-02-17 01:23:23,12.78,45.04,73.85,70,0,13.2
316,Thinadhoo,MV,2020-02-17 01:23:23,0.53,72.93,82.81,78,7,10.51
317,Clyde River,CA,2020-02-17 01:23:24,70.47,-68.59,-18.4,82,40,3.36
318,Miraflores,MX,2020-02-17 01:23:24,19.22,-98.81,82.4,16,40,16.11
319,Havre-Saint-Pierre,CA,2020-02-17 01:23:24,50.23,-63.6,23.0,85,1,8.05
320,Chippewa Falls,US,2020-02-17 01:23:24,44.94,-91.39,23.0,61,90,6.93
321,Bara,NG,2020-02-17 01:23:24,10.37,10.73,69.31,14,51,7.74
322,Luderitz,NA,2020-02-17 01:23:25,-26.65,15.16,62.6,88,0,8.05
323,Mount Darwin,ZW,2020-02-17 01:23:25,-16.77,31.58,67.77,97,59,5.88
324,Benoy,TD,2020-02-17 01:23:25,8.98,16.32,73.83,16,9,5.44
325,Sao Joao Da Barra,BR,2020-02-17 01:23:25,-21.64,-41.05,79.09,84,84,21.07
326,Yerbogachen,RU,2020-02-17 01:23:26,61.28,108.01,5.83,95,99,8.32
327,Zhangye,CN,2020-02-17 01:23:26,38.93,100.45,20.17,30,0,3.87
328,La Rochelle,FR,2020-02-17 01:23:26,46.17,-1.15,50.0,100,100,5.82
329,Yola,NG,2020-02-17 01:23:26,9.2,12.48,73.62,18,0,2.8
330,Urengoy,RU,2020-02-17 01:23:27,65.97,78.37,4.98,96,99,9.08
331,Marathon,US,2020-02-17 01:23:27,44.9,-89.77,23.0,48,40,2.57
332,Kandalaksha,RU,2020-02-17 01:23:27,67.16,32.41,34.05,98,100,19.44
333,Longyearbyen,SJ,2020-02-17 01:22:17,78.22,15.64,6.8,77,0,5.82
334,Zaria,NG,2020-02-17 01:23:27,11.11,7.72,68.36,9,84,9.42
335,Bathsheba,BB,2020-02-17 01:23:28,13.22,-59.52,78.8,74,75,19.46
336,Conde,BR,2020-02-17 01:23:28,-7.26,-34.91,78.8,88,75,9.17
337,Clinton,US,2020-02-17 01:20:55,42.59,-82.92,35.6,79,1,4.5
338,Evensk,RU,2020-02-17 01:23:28,61.95,159.23,-5.33,67,0,7.02
339,Zaragoza,ES,2020-02-17 01:23:29,41.66,-0.88,48.2,93,1,2.24
340,Serebryansk,KZ,2020-02-17 01:23:29,49.69,83.29,23.0,92,90,8.95
341,Akonolinga,CM,2020-02-17 01:23:29,3.77,12.25,66.31,81,96,3.74
342,Wajima,JP,2020-02-17 01:23:29,37.4,136.9,37.4,93,75,12.75
343,Belaya,UA,2020-02-17 01:23:29,49.03,25.77,36.0,84,100,4.0
344,Vila Franca Do Campo,PT,2020-02-17 01:23:30,37.72,-25.43,53.6,71,20,8.05
345,Richards Bay,ZA,2020-02-17 01:23:30,-28.78,32.04,78.39,80,0,20.58
346,Sechura,PE,2020-02-17 01:23:30,-5.56,-80.82,74.86,84,100,14.63
347,Kamaishi,JP,2020-02-17 01:23:30,39.27,141.88,41.0,86,75,4.7
348,Cap Malheureux,MU,2020-02-17 01:23:31,-19.98,57.61,75.2,83,75,4.7
349,Blackwater,AU,2020-02-17 01:23:31,-23.58,148.88,85.64,60,28,12.03
350,Lucea,JM,2020-02-17 01:23:31,18.45,-78.17,78.8,83,20,9.17
351,Yaring,TH,2020-02-17 01:23:31,6.87,101.37,77.0,88,20,5.82
352,Teya,RU,2020-02-17 01:23:32,60.38,92.63,4.53,96,88,3.65
353,Leningradskiy,RU,2020-02-17 01:23:32,69.38,178.42,-22.56,95,88,4.21
354,Mount Gambier,AU,2020-02-17 01:23:32,-37.83,140.77,68.0,72,15,3.36
355,Steamboat Springs,US,2020-02-17 01:21:13,40.48,-106.83,30.2,100,90,5.75
356,Constitucion,CL,2020-02-17 01:23:33,-35.33,-72.42,58.01,86,3,8.81
357,Biak,ID,2020-02-17 01:23:33,-0.91,122.88,82.71,70,41,7.72
358,Nizhniy Odes,RU,2020-02-17 01:23:33,63.64,54.86,24.35,90,100,10.45
359,Samarai,PG,2020-02-17 01:23:05,-10.62,150.67,87.26,55,89,5.19
360,Shirokiy,RU,2020-02-17 01:23:34,49.76,129.52,-7.01,89,0,7.18
361,Tabas,IR,2020-02-17 01:23:34,33.6,56.92,39.2,35,1,4.7
362,Okha,RU,2020-02-17 01:23:35,53.57,142.95,-1.01,94,16,10.16
363,Tres Picos,MX,2020-02-17 01:23:35,15.87,-93.53,75.06,59,0,4.21
364,Deputatskiy,RU,2020-02-17 01:23:35,69.3,139.9,-2.87,93,89,3.04
365,Walvis Bay,NA,2020-02-17 01:23:35,-22.96,14.51,64.0,93,64,3.36
366,Magole,TZ,2020-02-17 01:23:35,-6.37,37.37,73.4,94,75,2.75
367,Shitanjing,CN,2020-02-17 01:23:36,39.23,106.34,17.71,33,0,2.39
368,Usinsk,RU,2020-02-17 01:23:36,65.99,57.53,16.2,91,99,19.19
369,Sahbuz,AZ,2020-02-17 01:23:36,39.41,45.57,30.2,100,90,6.93
370,Bajina Basta,RS,2020-02-17 01:23:37,43.97,19.57,41.0,52,4,4.7
371,Pangnirtung,CA,2020-02-17 01:23:37,66.15,-65.71,-25.6,67,75,3.71
372,Tocache,PE,2020-02-17 01:23:37,-8.18,-76.51,67.46,96,79,1.88
373,Barra Do Garcas,BR,2020-02-17 01:23:37,-15.89,-52.26,75.9,90,39,3.18
374,Oistins,BB,2020-02-17 01:22:09,13.07,-59.53,78.8,74,75,19.46
375,Pusad,IN,2020-02-17 01:23:38,19.9,77.58,66.6,29,0,3.62
376,Atar,MR,2020-02-17 01:23:38,20.52,-13.05,74.93,13,98,11.72
377,Dongkan,CN,2020-02-17 01:23:38,34.0,119.83,31.55,39,0,15.59
378,Logan,US,2020-02-17 01:18:57,41.74,-111.83,41.0,86,90,9.17
379,Kaeo,NZ,2020-02-17 01:23:39,-35.1,173.78,82.99,80,23,1.99
380,Atocha,BO,2020-02-17 01:23:39,-20.93,-66.23,51.62,76,82,5.28
381,Muros,ES,2020-02-17 01:23:39,42.78,-9.06,57.99,100,75,12.75
382,Curuca,BR,2020-02-17 01:23:39,-0.73,-47.85,80.31,82,78,19.44
383,Severnyy,RU,2020-02-17 01:23:40,50.68,36.55,30.2,74,19,11.18
384,Magistralnyy,RU,2020-02-17 01:23:40,56.17,107.45,7.9,94,100,2.55
385,Parfino,RU,2020-02-17 01:23:40,57.97,31.65,39.65,86,100,15.37
386,Saint-Georges,GD,2020-02-17 01:23:40,12.06,-61.75,78.8,78,20,10.29
387,Burnie,AU,2020-02-17 01:23:41,-41.07,145.92,57.2,65,0,13.51
388,Salinas,US,2020-02-17 01:19:46,36.68,-121.66,61.0,62,1,6.93
389,Raga,SS,2020-02-17 01:23:41,8.46,25.68,70.92,24,0,2.46
390,Marrakesh,MA,2020-02-17 01:23:41,31.63,-8.01,60.8,36,0,3.36
391,Sibiti,CG,2020-02-17 01:23:42,-3.68,13.35,71.65,97,97,3.38
392,Lata,PT,2020-02-17 01:23:42,40.16,-8.33,60.01,87,90,8.05
393,Kailua,US,2020-02-17 01:23:42,21.4,-157.74,82.4,64,75,17.22
394,Cabedelo,BR,2020-02-17 01:23:42,-6.98,-34.83,78.8,88,75,9.17
395,Bowen,AU,2020-02-17 01:23:42,-20.02,148.23,90.0,79,20,6.93
396,Nanlong,CN,2020-02-17 01:23:43,31.35,106.06,39.79,55,0,2.1
397,Sinnamary,GF,2020-02-17 01:23:43,5.38,-52.95,79.97,81,80,17.54
398,Maneadero,MX,2020-02-17 01:23:43,31.72,-116.57,59.0,86,68,1.01
399,Nouakchott,MR,2020-02-17 01:20:19,18.09,-15.98,78.8,10,100,9.17
400,Kununurra,AU,2020-02-17 01:23:01,-15.77,128.73,91.4,63,82,9.17
401,Tuatapere,NZ,2020-02-17 01:23:44,-46.13,167.68,68.0,77,99,11.01
402,Moyale,KE,2020-02-17 01:23:44,3.52,39.06,75.49,52,28,4.14
403,La Ronge,CA,2020-02-17 01:23:44,55.1,-105.28,1.4,77,90,2.24
404,Naze,JP,2020-02-17 01:23:44,28.37,129.48,57.2,58,75,13.87
405,Kaka,TM,2020-02-17 01:23:45,37.35,59.61,39.7,64,70,1.99
406,Pontes E Lacerda,BR,2020-02-17 01:23:45,-15.23,-59.34,78.04,84,92,2.66
407,Pokrovsk,UA,2020-02-17 01:23:45,48.28,37.18,24.91,88,1,7.52
408,Hovd,MN,2020-02-17 01:23:45,48.01,91.64,-1.95,78,11,1.57
409,Canmore,CA,2020-02-17 01:23:46,51.08,-115.35,30.0,73,90,10.29
410,Half Moon Bay,US,2020-02-17 01:23:46,37.46,-122.43,62.01,87,75,13.87
411,Gamba,GA,2020-02-17 01:23:46,-2.65,10.0,77.94,90,100,1.95
412,Lebanon,US,2020-02-17 01:21:30,36.21,-86.29,53.01,75,90,3.36
413,Kaniama,CD,2020-02-17 01:23:46,-7.57,24.18,67.87,98,100,1.88
414,At-Bashi,KG,2020-02-17 01:23:47,41.17,75.81,0.84,24,79,6.98
415,Nacozari,MX,2020-02-17 01:23:47,25.34,-108.26,73.99,44,98,8.01
416,Aracruz,BR,2020-02-17 01:23:47,-19.82,-40.27,82.99,83,40,5.82
417,Ust-Nera,RU,2020-02-17 01:23:47,64.57,143.2,-26.95,92,66,1.59
418,San Policarpo,PH,2020-02-17 01:23:47,12.18,125.51,78.15,85,13,9.86
419,Touros,BR,2020-02-17 01:23:48,-5.2,-35.46,80.6,83,75,4.7
420,Diamantino,BR,2020-02-17 01:23:48,-14.41,-56.45,76.05,88,76,4.12
421,Florianopolis,BR,2020-02-17 01:23:48,-27.61,-48.5,80.6,88,75,4.7
422,Havelock,US,2020-02-17 01:23:49,34.88,-76.9,52.0,76,90,10.29
423,Sajobabony,HU,2020-02-17 01:23:49,48.17,20.73,39.2,80,90,10.29
424,Coihaique,CL,2020-02-17 01:19:17,-45.58,-72.07,50.0,76,75,3.36
425,Pangkalanbuun,ID,2020-02-17 01:23:49,-2.68,111.62,75.02,94,97,3.04
426,Rapid Valley,US,2020-02-17 01:23:50,44.06,-103.15,39.2,48,1,5.82
427,Cedar City,US,2020-02-17 01:23:50,37.68,-113.06,48.2,42,90,12.75
428,Muli,MV,2020-02-17 01:23:50,2.92,73.57,83.01,77,8,14.29
429,Portland,US,2020-02-17 01:23:50,45.52,-122.68,50.0,53,40,10.29
430,Tambopata,PE,2020-02-17 01:23:50,-12.73,-69.18,76.62,95,12,3.71
431,Okhotsk,RU,2020-02-17 01:23:51,59.38,143.3,-6.12,73,0,8.1
432,Bud,US,2020-02-17 01:23:51,39.45,-86.18,41.0,64,20,6.93
433,Ambilobe,MG,2020-02-17 01:23:51,-13.2,49.05,74.62,90,97,2.89
434,Hasaki,JP,2020-02-17 01:23:51,35.73,140.83,59.0,62,20,12.75
435,Waipawa,NZ,2020-02-17 01:23:51,-41.41,175.52,71.6,78,90,21.92
436,Kirakira,SB,2020-02-17 01:23:52,-10.45,161.92,84.24,74,100,8.77
437,Sioux Lookout,CA,2020-02-17 01:23:52,50.1,-91.92,1.4,63,20,3.13
438,Shimoda,JP,2020-02-17 01:23:52,34.67,138.95,57.99,50,20,23.04
439,Minot,US,2020-02-17 01:23:09,48.23,-101.3,24.8,79,75,4.7
440,Kudahuvadhoo,MV,2020-02-17 01:23:53,2.67,72.89,83.17,77,5,13.49
441,Diego De Almagro,CL,2020-02-17 01:23:53,-26.37,-70.05,67.77,46,86,3.85
442,Oak Ridge,US,2020-02-17 01:22:03,36.01,-84.27,53.6,62,90,2.01
443,Tagusao,PH,2020-02-17 01:23:53,9.19,117.81,76.39,77,0,5.14
444,Simao,CN,2020-02-17 01:23:53,22.79,100.97,47.52,70,0,3.53
445,Geraldton,AU,2020-02-17 01:23:54,-28.77,114.6,77.0,53,2,16.11
446,Mwanza,TZ,2020-02-17 01:23:54,-2.52,32.9,72.54,71,95,2.62
447,Nebbi,UG,2020-02-17 01:23:54,2.48,31.09,74.12,53,100,2.24
448,Komsomolskiy,UZ,2020-02-17 01:23:54,40.43,71.72,37.4,74,100,4.7
449,Mogadishu,SO,2020-02-17 01:23:54,2.04,45.34,80.08,85,53,21.65
450,Bubaque,GW,2020-02-17 01:23:55,11.28,-15.83,79.39,73,100,10.38
451,Belaya Gora,RU,2020-02-17 01:23:55,68.53,146.42,-8.55,80,92,3.76
452,Loandjili,CG,2020-02-17 01:23:55,-4.76,11.86,82.4,83,40,5.82
453,Qaqortoq,GL,2020-02-17 01:23:55,60.72,-46.03,19.4,48,0,5.82
454,Tura,IN,2020-02-17 01:22:57,25.52,90.22,61.18,70,0,1.61
455,Wattegama,LK,2020-02-17 01:23:56,6.8,81.48,73.4,100,20,12.75
456,Tsagan Aman,RU,2020-02-17 01:23:56,47.56,46.72,28.89,89,0,4.99
457,Progreso,MX,2020-02-17 01:22:12,21.28,-89.67,80.6,69,40,10.29
458,Asyut,EG,2020-02-17 01:23:57,27.18,31.18,53.6,62,0,9.17
459,Neka,IR,2020-02-17 01:23:57,36.65,53.3,44.6,81,100,4.7
460,Antigonish,CA,2020-02-17 01:23:57,45.62,-62.0,35.01,92,90,6.93
461,Diffa,NE,2020-02-17 01:23:57,13.32,12.61,68.95,21,99,10.74
462,Andros Town,BS,2020-02-17 01:22:42,24.7,-77.77,73.4,78,20,3.36
463,Katherine,AU,2020-02-17 01:23:58,-14.47,132.27,89.6,62,20,5.82
464,Grand Baie,MU,2020-02-17 01:23:58,-20.02,57.58,75.2,83,75,4.7
465,Kotido,UG,2020-02-17 01:23:58,2.98,34.13,75.16,50,20,11.43
466,Front Royal,US,2020-02-17 01:23:36,38.92,-78.19,45.0,74,90,3.67
467,Inongo,CD,2020-02-17 01:23:59,-1.95,18.27,74.07,90,100,4.99
468,Manzhouli,CN,2020-02-17 01:23:59,49.6,117.43,1.04,90,0,4.76
469,Southbridge,US,2020-02-17 01:23:59,42.08,-72.03,36.0,59,90,9.17
470,Ciudad Bolivar,VE,2020-02-17 01:23:59,8.12,-63.55,84.16,54,67,11.32
471,Njombe,TZ,2020-02-17 01:23:59,-9.33,34.77,58.01,96,60,1.79
472,Hasanabad,IR,2020-02-17 01:24:00,36.55,61.05,37.4,86,58,2.24
473,Tornio,FI,2020-02-17 01:24:00,65.85,24.13,33.8,97,90,19.46
474,Batagay-Alyta,RU,2020-02-17 01:24:00,67.8,130.41,-1.88,98,100,1.81
475,Te Anau,NZ,2020-02-17 01:24:01,-45.42,167.72,62.26,81,100,3.87
476,San Cristobal,VE,2020-02-17 01:23:16,7.77,-72.22,84.2,58,40,2.24
477,Salinopolis,BR,2020-02-17 01:24:01,-0.61,-47.36,80.51,81,67,19.28
478,Jiwani,PK,2020-02-17 01:24:01,25.05,61.74,72.09,39,25,14.99
479,Sabha,LY,2020-02-17 01:24:01,27.04,14.43,53.06,57,0,8.9
480,Padang,ID,2020-02-17 01:24:02,-0.95,100.35,67.06,90,72,3.87
481,Chicama,PE,2020-02-17 01:24:02,-7.84,-79.15,73.4,88,75,9.17
482,Honiara,SB,2020-02-17 01:22:06,-9.43,159.95,89.6,66,75,9.17
483,Cayenne,GF,2020-02-17 01:24:02,4.93,-52.33,80.6,78,75,9.17
484,Valls,ES,2020-02-17 01:24:03,41.29,1.25,57.99,87,90,3.36
485,Kiunga,PG,2020-02-17 01:23:05,-6.12,141.29,80.87,92,42,2.37
486,Livingstone,ZM,2020-02-17 01:24:03,-17.84,25.85,68.95,94,93,0.45
487,Roura,GF,2020-02-17 01:24:03,4.73,-52.33,80.6,78,75,9.17
488,Otukpo,NG,2020-02-17 01:24:04,7.19,8.13,75.07,16,0,1.3
489,Robe,AU,2020-02-17 01:24:04,-37.18,139.75,75.47,52,0,4.23
490,Snyder,US,2020-02-17 01:24:04,32.72,-100.92,69.01,26,1,6.93
491,Rawson,AR,2020-02-17 01:24:05,-43.3,-65.1,62.31,69,45,16.96
492,Charyshskoye,RU,2020-02-17 01:24:05,51.4,83.56,19.44,80,100,1.79
493,La Orilla,MX,2020-02-17 01:24:05,17.98,-102.23,83.25,52,25,4.61
494,Port Macquarie,AU,2020-02-17 01:22:18,-31.43,152.92,81.0,100,90,5.82
495,Port-Gentil,GA,2020-02-17 01:24:05,-0.72,8.78,81.66,80,100,10.94
496,Kendari,ID,2020-02-17 01:24:06,-3.94,122.5,79.84,88,100,2.04
497,Amahai,ID,2020-02-17 01:21:21,-3.33,128.92,83.57,75,54,11.45
498,Mokhsogollokh,RU,2020-02-17 01:24:06,61.47,128.92,-5.3,99,100,2.13
499,Salalah,OM,2020-02-17 01:24:06,17.02,54.09,64.4,59,0,6.93
500,Panzhihua,CN,2020-02-17 01:24:07,26.59,101.71,51.01,55,40,0.25
501,Fukue,JP,2020-02-17 01:24:07,32.69,128.84,41.0,80,75,10.29
502,Aswan,EG,2020-02-17 01:24:07,24.09,32.91,55.33,48,23,9.91
503,Uaua,BR,2020-02-17 01:24:07,-9.84,-39.48,76.59,63,100,8.28
504,Riberalta,BO,2020-02-17 01:24:07,-10.98,-66.1,80.89,73,71,2.59
505,Taiyuan,CN,2020-02-17 01:24:08,37.87,112.56,28.4,33,0,20.13
506,Bismarck,US,2020-02-17 01:24:08,46.81,-100.78,25.0,92,90,12.75
507,Narrabri,AU,2020-02-17 01:24:08,-30.32,149.78,88.0,45,20,17.22
508,Tomatlan,MX,2020-02-17 01:24:09,19.93,-105.25,82.36,49,73,3.38
509,Baiyin,CN,2020-02-17 01:24:09,36.56,104.21,26.01,43,0,6.71
510,Algiers,DZ,2020-02-17 01:24:09,36.75,3.04,44.6,100,40,3.65
511,Ixtapa,MX,2020-02-17 01:24:09,20.7,-105.2,75.2,88,75,8.05
512,Ende,ID,2020-02-17 01:24:09,-8.84,121.66,81.95,78,82,1.88
513,Kamiiso,JP,2020-02-17 01:24:10,41.82,140.65,33.8,97,75,34.45
514,Caluquembe,AO,2020-02-17 01:24:10,-13.78,14.68,62.15,98,100,3.78
515,Vao,NC,2020-02-17 01:24:10,-22.67,167.48,78.91,78,1,17.72
516,Darhan,MN,2020-02-17 01:24:10,49.49,105.92,-1.08,90,26,1.54
517,Jasper,US,2020-02-17 01:24:11,37.2,-94.35,53.01,66,40,4.7
518,Beidao,CN,2020-02-17 01:24:11,34.57,105.89,21.24,29,0,2.86
519,Merrill,US,2020-02-17 01:24:11,45.18,-89.68,19.4,52,90,2.8
520,Camargo,MX,2020-02-17 01:24:11,27.67,-105.17,74.79,8,92,4.03
521,Broken Hill,AU,2020-02-17 01:24:11,-31.95,141.43,80.6,30,0,10.29
522,Chake Chake,TZ,2020-02-17 01:24:12,-5.25,39.77,82.78,79,26,14.34
523,Toora-Khem,RU,2020-02-17 01:24:12,52.47,96.11,-4.43,99,82,0.96
524,Misratah,LY,2020-02-17 01:24:12,32.38,15.09,58.91,65,3,8.57
525,Dosso,NE,2020-02-17 01:24:13,13.05,3.19,72.46,11,0,10.13
526,Ondarroa,ES,2020-02-17 01:24:13,43.32,-2.42,68.0,59,100,10.29
527,Saint Anthony,US,2020-02-17 01:20:03,45.02,-93.22,23.0,44,90,6.93
528,Khani,GE,2020-02-17 01:24:14,41.96,42.96,28.4,86,0,3.36
529,Fairhope,US,2020-02-17 01:19:57,30.52,-87.9,61.0,100,90,6.93
530,Tigre,AR,2020-02-17 01:24:14,-34.43,-58.58,78.01,88,75,17.22
531,Noumea,NC,2020-02-17 01:24:14,-22.28,166.46,89.6,52,40,14.99
532,Warrington,GB,2020-02-17 01:24:14,53.39,-2.58,45.0,75,40,20.8
533,Ormara,PK,2020-02-17 01:24:15,25.21,64.64,75.51,50,10,5.95
534,Tombouctou,ML,2020-02-17 01:24:15,20.0,-3.0,73.27,9,100,10.74
535,Lufilufi,WS,2020-02-17 01:24:15,-13.87,-171.6,80.6,100,90,9.17
536,Sibu,MY,2020-02-17 01:24:15,2.3,111.82,73.4,100,90,2.24
537,Paka,MY,2020-02-17 01:24:15,4.64,103.44,77.0,88,40,3.36
538,Tibati,CM,2020-02-17 01:24:16,6.47,12.63,62.8,22,61,0.83
539,Comines,FR,2020-02-17 01:24:16,50.76,3.01,46.99,81,67,14.99
540,Dzierzoniow,PL,2020-02-17 01:24:16,50.73,16.65,54.0,50,100,16.11
541,Pacific Grove,US,2020-02-17 01:23:58,36.62,-121.92,61.0,76,40,8.05
542,Sistranda,NO,2020-02-17 01:24:17,63.73,8.83,41.0,69,85,16.11
543,Mizan Teferi,ET,2020-02-17 01:24:17,6.98,35.58,69.44,54,7,3.22
544,Letterkenny,IE,2020-02-17 01:24:17,54.95,-7.73,42.67,84,91,19.71
545,Fremont,US,2020-02-17 01:23:19,37.55,-121.99,62.6,71,1,6.93
546,Terney,RU,2020-02-17 01:24:18,45.05,136.61,15.15,89,100,23.44
547,Mumbwa,ZM,2020-02-17 01:24:18,-14.98,27.06,64.94,92,63,1.14
548,Dauphin,CA,2020-02-17 01:24:18,51.15,-100.05,8.6,92,90,3.36
549,Northam,GB,2020-02-17 01:24:18,51.03,-4.22,46.99,80,35,10.0
550,Kieta,PG,2020-02-17 01:24:18,-6.22,155.63,86.22,66,100,2.95
551,Elizabeth City,US,2020-02-17 01:20:00,36.29,-76.25,50.0,93,90,4.07
552,Hinton,CA,2020-02-17 01:24:19,53.4,-117.59,25.25,80,82,5.17
553,Berlevag,NO,2020-02-17 01:24:19,70.86,29.09,34.66,82,100,27.07
554,Honningsvag,NO,2020-02-17 01:21:35,70.98,25.97,33.96,87,100,28.07
555,Hearst,CA,2020-02-17 01:24:19,49.68,-83.67,-0.87,94,100,4.12
556,Porto Walter,BR,2020-02-17 01:24:20,-8.27,-72.74,76.15,78,41,3.4
557,Paamiut,GL,2020-02-17 01:24:20,61.99,-49.67,5.81,65,26,10.69
